"0","top_genes_low
"
"1","   [1]"
"1"," ""PSMB2""        "
"1"," ""COX7B""        "
"1"," ""BBS1""         "
"1","
"
"1","   [4]"
"1"," ""C1GALT1""      "
"1"," ""MED31""        "
"1"," ""COPE""         "
"1","
"
"1","   [7]"
"1"," ""GLT8D1""       "
"1"," ""LYZ""          "
"1"," ""SNHG6""        "
"1","
"
"1","  [10]"
"1"," ""HPGD""         "
"1"," ""HERC4""        "
"1"," ""TPD52L1""      "
"1","
"
"1","  [13]"
"1"," ""MRPL32""       "
"1"," ""TMEM98""       "
"1"," ""RBM23""        "
"1","
"
"1","  [16]"
"1"," ""UBE2W""        "
"1"," ""ITGB5""        "
"1"," ""RPL8""         "
"1","
"
"1","  [19]"
"1"," ""DECR1""        "
"1"," ""SLC35D2""      "
"1"," ""ABHD14B""      "
"1","
"
"1","  [22]"
"1"," ""MSMO1""        "
"1"," ""TAOK2""        "
"1"," ""IKBIP""        "
"1","
"
"1","  [25]"
"1"," ""MARCHF7""      "
"1"," ""WRNIP1""       "
"1"," ""FGFR2""        "
"1","
"
"1","  [28]"
"1"," ""WASF2""        "
"1"," ""PPCDC""        "
"1"," ""GPR180""       "
"1","
"
"1","  [31]"
"1"," ""SLX4""         "
"1"," ""IRAK2""        "
"1"," ""GPS1""         "
"1","
"
"1","  [34]"
"1"," ""SLC3A2""       "
"1"," ""ATRAID""       "
"1"," ""MRPL35""       "
"1","
"
"1","  [37]"
"1"," ""EPHX2""        "
"1"," ""POLR3GL""      "
"1"," ""NDUFS4""       "
"1","
"
"1","  [40]"
"1"," ""ATAD1""        "
"1"," ""DCUN1D5""      "
"1"," ""SARDH""        "
"1","
"
"1","  [43]"
"1"," ""SGTA""         "
"1"," ""NCS1""         "
"1"," ""MRPS17""       "
"1","
"
"1","  [46]"
"1"," ""RDH16""        "
"1"," ""ATP1A1""       "
"1"," ""XRN2""         "
"1","
"
"1","  [49]"
"1"," ""CPSF7""        "
"1"," ""PDGFRB""       "
"1"," ""SUCLG2""       "
"1","
"
"1","  [52]"
"1"," ""EGLN3""        "
"1"," ""GET3""         "
"1"," ""PSMC2""        "
"1","
"
"1","  [55]"
"1"," ""PGD""          "
"1"," ""RP9""          "
"1"," ""SCO1""         "
"1","
"
"1","  [58]"
"1"," ""SSR4""         "
"1"," ""CXADR""        "
"1"," ""MAP2K3""       "
"1","
"
"1","  [61]"
"1"," ""FAM20C""       "
"1"," ""FTL""          "
"1"," ""MRPL23""       "
"1","
"
"1","  [64]"
"1"," ""SLC17A3""      "
"1"," ""CBS""          "
"1"," ""RRP36""        "
"1","
"
"1","  [67]"
"1"," ""AGT""          "
"1"," ""ATP6V1D""      "
"1"," ""PLAA""         "
"1","
"
"1","  [70]"
"1"," ""TMEM33""       "
"1"," ""ERF""          "
"1"," ""PROS1""        "
"1","
"
"1","  [73]"
"1"," ""MRPL18""       "
"1"," ""GOT1""         "
"1"," ""CALD1""        "
"1","
"
"1","  [76]"
"1"," ""SNRPD3""       "
"1"," ""MTIF2""        "
"1"," ""SUZ12""        "
"1","
"
"1","  [79]"
"1"," ""PURB""         "
"1"," ""HSPD1""        "
"1"," ""DDX41""        "
"1","
"
"1","  [82]"
"1"," ""ZNF207""       "
"1"," ""RPL28""        "
"1"," ""PSMD2""        "
"1","
"
"1","  [85]"
"1"," ""TRAPPC6A""     "
"1"," ""PROC""         "
"1"," ""PHKB""         "
"1","
"
"1","  [88]"
"1"," ""FH""           "
"1"," ""FCSK""         "
"1"," ""PUS7""         "
"1","
"
"1","  [91]"
"1"," ""TAT""          "
"1"," ""MED7""         "
"1"," ""SEC11C""       "
"1","
"
"1","  [94]"
"1"," ""SPATA21""      "
"1"," ""CCT5""         "
"1"," ""DEXI""         "
"1","
"
"1","  [97]"
"1"," ""ITGB1""        "
"1"," ""FBXO25""       "
"1"," ""SLC2A8""       "
"1","
"
"1"," [100]"
"1"," ""ME1""          "
"1"," ""TFE3""         "
"1"," ""ATP6V0D1""     "
"1","
"
"1"," [103]"
"1"," ""FLRT3""        "
"1"," ""AVL9""         "
"1"," ""TF""           "
"1","
"
"1"," [106]"
"1"," ""MED14""        "
"1"," ""NAA50""        "
"1"," ""MED6""         "
"1","
"
"1"," [109]"
"1"," ""MRPS15""       "
"1"," ""PLEKHA5""      "
"1"," ""AP3M1""        "
"1","
"
"1"," [112]"
"1"," ""RNF6""         "
"1"," ""FAM136A""      "
"1"," ""ARL5B""        "
"1","
"
"1"," [115]"
"1"," ""SLC25A20""     "
"1"," ""CCZ1""         "
"1"," ""MALAT1""       "
"1","
"
"1"," [118]"
"1"," ""IER2""         "
"1"," ""UFM1""         "
"1"," ""ZNF592""       "
"1","
"
"1"," [121]"
"1"," ""SLC39A5""      "
"1"," ""SNRNP35""      "
"1"," ""SOX9""         "
"1","
"
"1"," [124]"
"1"," ""TAF1D""        "
"1"," ""FPGS""         "
"1"," ""SOCS6""        "
"1","
"
"1"," [127]"
"1"," ""TXN2""         "
"1"," ""UBE2D3""       "
"1"," ""MSANTD4""      "
"1","
"
"1"," [130]"
"1"," ""NDUFA5""       "
"1"," ""CCDC115""      "
"1"," ""GPC3""         "
"1","
"
"1"," [133]"
"1"," ""MTREX""        "
"1"," ""PPP1CC""       "
"1"," ""MAPKAP1""      "
"1","
"
"1"," [136]"
"1"," ""CCDC92""       "
"1"," ""TJP1""         "
"1"," ""CCDC124""      "
"1","
"
"1"," [139]"
"1"," ""AFF4""         "
"1"," ""HNRNPU""       "
"1"," ""RABGGTB""      "
"1","
"
"1"," [142]"
"1"," ""CTNNB1""       "
"1"," ""G3BP2""        "
"1"," ""HMGCS1""       "
"1","
"
"1"," [145]"
"1"," ""GCN1""         "
"1"," ""RAB5A""        "
"1"," ""DCAF11""       "
"1","
"
"1"," [148]"
"1"," ""LINC02693""    "
"1"," ""MCM4""         "
"1"," ""ABLIM1""       "
"1","
"
"1"," [151]"
"1"," ""NEK4""         "
"1"," ""APCS""         "
"1"," ""NDUFB4""       "
"1","
"
"1"," [154]"
"1"," ""SACM1L""       "
"1"," ""RTCA""         "
"1"," ""HPS3""         "
"1","
"
"1"," [157]"
"1"," ""ATP11C""       "
"1"," ""SARS1""        "
"1"," ""FARSA""        "
"1","
"
"1"," [160]"
"1"," ""TTI2""         "
"1"," ""KDELR1""       "
"1"," ""LAPTM4A""      "
"1","
"
"1"," [163]"
"1"," ""ABRAXAS1""     "
"1"," ""FLNA""         "
"1"," ""WDR77""        "
"1","
"
"1"," [166]"
"1"," ""RAB4B""        "
"1"," ""TRIP12""       "
"1"," ""WDR45""        "
"1","
"
"1"," [169]"
"1"," ""BCCIP""        "
"1"," ""MCL1""         "
"1"," ""NAT10""        "
"1","
"
"1"," [172]"
"1"," ""NECAP2""       "
"1"," ""NR6A1""        "
"1"," ""PLGLB2""       "
"1","
"
"1"," [175]"
"1"," ""HGSNAT""       "
"1"," ""ERMAP""        "
"1"," ""DHRS1""        "
"1","
"
"1"," [178]"
"1"," ""SUPT4H1""      "
"1"," ""DNAJC7""       "
"1"," ""CANX""         "
"1","
"
"1"," [181]"
"1"," ""SGMS1""        "
"1"," ""GPX2""         "
"1"," ""PDIA6""        "
"1","
"
"1"," [184]"
"1"," ""SNHG8""        "
"1"," ""EID2""         "
"1"," ""KLHL12""       "
"1","
"
"1"," [187]"
"1"," ""SSU72""        "
"1"," ""BANP""         "
"1"," ""CAMTA1""       "
"1","
"
"1"," [190]"
"1"," ""SPIN1""        "
"1"," ""LRP10""        "
"1"," ""TRAK1""        "
"1","
"
"1"," [193]"
"1"," ""CRIP1""        "
"1"," ""SLBP""         "
"1"," ""DDIT4""        "
"1","
"
"1"," [196]"
"1"," ""PAK2""         "
"1"," ""SNW1""         "
"1"," ""TUT7""         "
"1","
"
"1"," [199]"
"1"," ""VMAC""         "
"1"," ""ZFTA""         "
"1"," ""RTCB""         "
"1","
"
"1"," [202]"
"1"," ""RBL2""         "
"1"," ""STAT5A""       "
"1"," ""IARS2""        "
"1","
"
"1"," [205]"
"1"," ""UBE2E3""       "
"1"," ""GOLM2""        "
"1"," ""VCX3B""        "
"1","
"
"1"," [208]"
"1"," ""SMN2""         "
"1"," ""TOR4A""        "
"1"," ""CARMIL1""      "
"1","
"
"1"," [211]"
"1"," ""CRTAP""        "
"1"," ""OSGIN2""       "
"1"," ""INPPL1""       "
"1","
"
"1"," [214]"
"1"," ""DCTN2""        "
"1"," ""HIP1""         "
"1"," ""UBAP2L""       "
"1","
"
"1"," [217]"
"1"," ""USP36""        "
"1"," ""FNBP1""        "
"1"," ""TOMM6""        "
"1","
"
"1"," [220]"
"1"," ""UHMK1""        "
"1"," ""ZNF511""       "
"1"," ""METTL14""      "
"1","
"
"1"," [223]"
"1"," ""CAPZA1""       "
"1"," ""ABCC4""        "
"1"," ""RDX""          "
"1","
"
"1"," [226]"
"1"," ""UBIAD1""       "
"1"," ""ERI3""         "
"1"," ""OGT""          "
"1","
"
"1"," [229]"
"1"," ""MTRR""         "
"1"," ""RBBP6""        "
"1"," ""SRPK1""        "
"1","
"
"1"," [232]"
"1"," ""UBA3""         "
"1"," ""H1-1""         "
"1"," ""INHBB""        "
"1","
"
"1"," [235]"
"1"," ""RNASEH2B""     "
"1"," ""USP6NL""       "
"1"," ""NUDT9""        "
"1","
"
"1"," [238]"
"1"," ""CAND1""        "
"1"," ""WWC2""         "
"1"," ""SLC44A3""      "
"1","
"
"1"," [241]"
"1"," ""ZNF398""       "
"1"," ""TUBA1C""       "
"1"," ""RAB5C""        "
"1","
"
"1"," [244]"
"1"," ""ANKRD13C""     "
"1"," ""RC3H1""        "
"1"," ""FAM241A""      "
"1","
"
"1"," [247]"
"1"," ""SQOR""         "
"1"," ""HIBCH""        "
"1"," ""TRIB1""        "
"1","
"
"1"," [250]"
"1"," ""LRRC58""       "
"1"," ""ACSL4""        "
"1"," ""ATP6V1H""      "
"1","
"
"1"," [253]"
"1"," ""PXDC1""        "
"1"," ""PPP2R1B""      "
"1"," ""CENPV""        "
"1","
"
"1"," [256]"
"1"," ""SRXN1""        "
"1"," ""IRF2""         "
"1"," ""PRPF8""        "
"1","
"
"1"," [259]"
"1"," ""BBC3""         "
"1"," ""NUDCD2""       "
"1"," ""ST3GAL4""      "
"1","
"
"1"," [262]"
"1"," ""HACD3""        "
"1"," ""SERPINH1""     "
"1"," ""YIPF6""        "
"1","
"
"1"," [265]"
"1"," ""RTN4IP1""      "
"1"," ""EVA1A""        "
"1"," ""FAM135A""      "
"1","
"
"1"," [268]"
"1"," ""ARRDC4""       "
"1"," ""CCM2""         "
"1"," ""VPS4B""        "
"1","
"
"1"," [271]"
"1"," ""G3BP1""        "
"1"," ""ARL2BP""       "
"1"," ""SENP6""        "
"1","
"
"1"," [274]"
"1"," ""TGIF1""        "
"1"," ""PGAP2""        "
"1"," ""DCAF10""       "
"1","
"
"1"," [277]"
"1"," ""BTBD19""       "
"1"," ""ELP4""         "
"1"," ""TTC7A""        "
"1","
"
"1"," [280]"
"1"," ""PLEK2""        "
"1"," ""MAP4K5""       "
"1"," ""TAF6""         "
"1","
"
"1"," [283]"
"1"," ""ZFC3H1""       "
"1"," ""EEF1AKMT4""    "
"1"," ""TSC22D2""      "
"1","
"
"1"," [286]"
"1"," ""IL1R2""        "
"1"," ""C16orf87""     "
"1"," ""RRP15""        "
"1","
"
"1"," [289]"
"1"," ""ZNRF1""        "
"1"," ""MPZL2""        "
"1"," ""POLR3A""       "
"1","
"
"1"," [292]"
"1"," ""TTL""          "
"1"," ""HRCT1""        "
"1"," ""SAT2""         "
"1","
"
"1"," [295]"
"1"," ""CLASRP""       "
"1"," ""TXNL4B""       "
"1"," ""RMDN3""        "
"1","
"
"1"," [298]"
"1"," ""ERGIC1""       "
"1"," ""NUBP1""        "
"1"," ""PIK3R4""       "
"1","
"
"1"," [301]"
"1"," ""ETFA""         "
"1"," ""RAE1""         "
"1"," ""M6PR""         "
"1","
"
"1"," [304]"
"1"," ""TPGS2""        "
"1"," ""ALDOA""        "
"1"," ""PPP1R1A""      "
"1","
"
"1"," [307]"
"1"," ""BAIAP2""       "
"1"," ""DYNLT3""       "
"1"," ""NOC3L""        "
"1","
"
"1"," [310]"
"1"," ""ABCC11""       "
"1"," ""ANAPC5""       "
"1"," ""CA12""         "
"1","
"
"1"," [313]"
"1"," ""IQGAP2""       "
"1"," ""HMGCR""        "
"1"," ""C8G""          "
"1","
"
"1"," [316]"
"1"," ""KPNA4""        "
"1"," ""ZBTB8OS""      "
"1"," ""WDFY3""        "
"1","
"
"1"," [319]"
"1"," ""PHF20L1""      "
"1"," ""NUDT15""       "
"1"," ""NAA10""        "
"1","
"
"1"," [322]"
"1"," ""PAQR9""        "
"1"," ""ZNF688""       "
"1"," ""HYAL2""        "
"1","
"
"1"," [325]"
"1"," ""DDX19A""       "
"1"," ""GATA6""        "
"1"," ""CPEB2""        "
"1","
"
"1"," [328]"
"1"," ""PIGF""         "
"1"," ""GPATCH3""      "
"1"," ""UQCRC1""       "
"1","
"
"1"," [331]"
"1"," ""RPGR""         "
"1"," ""XRCC4""        "
"1"," ""DNMT3L""       "
"1","
"
"1"," [334]"
"1"," ""RUFY1""        "
"1"," ""DGUOK""        "
"1"," ""PTPN1""        "
"1","
"
"1"," [337]"
"1"," ""NDC1""         "
"1"," ""SETD3""        "
"1"," ""SLC39A7""      "
"1","
"
"1"," [340]"
"1"," ""SPRY4""        "
"1"," ""ZNF653""       "
"1"," ""CTR9""         "
"1","
"
"1"," [343]"
"1"," ""IL1RAP""       "
"1"," ""H2AZ2""        "
"1"," ""KTN1""         "
"1","
"
"1"," [346]"
"1"," ""RHPN2""        "
"1"," ""AFTPH""        "
"1"," ""PRKAA2""       "
"1","
"
"1"," [349]"
"1"," ""CCDC91""       "
"1"," ""PIGX""         "
"1"," ""EPHX1""        "
"1","
"
"1"," [352]"
"1"," ""KLF10""        "
"1"," ""C1orf52""      "
"1"," ""FGFR4""        "
"1","
"
"1"," [355]"
"1"," ""JAZF1""        "
"1"," ""ESYT2""        "
"1"," ""VKORC1""       "
"1","
"
"1"," [358]"
"1"," ""CDC42SE1""     "
"1"," ""CYB5B""        "
"1"," ""RCC1L""        "
"1","
"
"1"," [361]"
"1"," ""KNTC1""        "
"1"," ""COG6""         "
"1"," ""TMTC3""        "
"1","
"
"1"," [364]"
"1"," ""RPS27A""       "
"1"," ""GAPVD1""       "
"1"," ""YKT6""         "
"1","
"
"1"," [367]"
"1"," ""RFNG""         "
"1"," ""TTC19""        "
"1"," ""AMOTL1""       "
"1","
"
"1"," [370]"
"1"," ""C19orf48P""    "
"1"," ""RABGAP1""      "
"1"," ""CYP2R1""       "
"1","
"
"1"," [373]"
"1"," ""NELFA""        "
"1"," ""SMCO4""        "
"1"," ""RINT1""        "
"1","
"
"1"," [376]"
"1"," ""ARNT""         "
"1"," ""TMEM97""       "
"1"," ""FADS2""        "
"1","
"
"1"," [379]"
"1"," ""TTC39C""       "
"1"," ""KIF13A""       "
"1"," ""TLK1""         "
"1","
"
"1"," [382]"
"1"," ""XPNPEP2""      "
"1"," ""ECM1""         "
"1"," ""BLOC1S2""      "
"1","
"
"1"," [385]"
"1"," ""RHOG""         "
"1"," ""GHITM""        "
"1"," ""WASHC3""       "
"1","
"
"1"," [388]"
"1"," ""STK11IP""      "
"1"," ""USP10""        "
"1"," ""PTER""         "
"1","
"
"1"," [391]"
"1"," ""PPIE""         "
"1"," ""KIF12""        "
"1"," ""HKDC1""        "
"1","
"
"1"," [394]"
"1"," ""PDHX""         "
"1"," ""UBE2I""        "
"1"," ""CA9""          "
"1","
"
"1"," [397]"
"1"," ""KMT2D""        "
"1"," ""ADH5""         "
"1"," ""PRMT2""        "
"1","
"
"1"," [400]"
"1"," ""VPS52""        "
"1"," ""C16orf95""     "
"1"," ""RNF41""        "
"1","
"
"1"," [403]"
"1"," ""CRADD""        "
"1"," ""CCDC47""       "
"1"," ""NANP""         "
"1","
"
"1"," [406]"
"1"," ""CYB5D2""       "
"1"," ""ZNF234""       "
"1"," ""ZBED3""        "
"1","
"
"1"," [409]"
"1"," ""PITRM1""       "
"1"," ""LLGL2""        "
"1"," ""TFPT""         "
"1","
"
"1"," [412]"
"1"," ""CNPPD1""       "
"1"," ""SIKE1""        "
"1"," ""FBXO33""       "
"1","
"
"1"," [415]"
"1"," ""CFAP53""       "
"1"," ""POLR2B""       "
"1"," ""SDC1""         "
"1","
"
"1"," [418]"
"1"," ""MRPL58""       "
"1"," ""NAGA""         "
"1"," ""ZNF69""        "
"1","
"
"1"," [421]"
"1"," ""OCEL1""        "
"1"," ""DTNBP1""       "
"1"," ""DIP2C""        "
"1","
"
"1"," [424]"
"1"," ""FOSL2""        "
"1"," ""NPY4R""        "
"1"," ""GUCA1B""       "
"1","
"
"1"," [427]"
"1"," ""TAS2R3""       "
"1"," ""HEIH""         "
"1"," ""LARP4""        "
"1","
"
"1"," [430]"
"1"," ""RIT1""         "
"1"," ""ARL6IP5""      "
"1"," ""APOH""         "
"1","
"
"1"," [433]"
"1"," ""HSPA6""        "
"1"," ""DDX6""         "
"1"," ""FRMD6""        "
"1","
"
"1"," [436]"
"1"," ""SULF2""        "
"1"," ""DIPK2A""       "
"1"," ""BEND7""        "
"1","
"
"1"," [439]"
"1"," ""LEAP2""        "
"1"," ""MSX1""         "
"1"," ""RPS12""        "
"1","
"
"1"," [442]"
"1"," ""SLC35G1""      "
"1"," ""CXXC5""        "
"1"," ""GRB14""        "
"1","
"
"1"," [445]"
"1"," ""SPA17""        "
"1"," ""PPP1R9B""      "
"1"," ""ZBTB44""       "
"1","
"
"1"," [448]"
"1"," ""EBNA1BP2""     "
"1"," ""NPIPA2""       "
"1"," ""CCNL2""        "
"1","
"
"1"," [451]"
"1"," ""NDUFC2-KCTD14"""
"1"," ""GATB""         "
"1"," ""FBXW11""       "
"1","
"
"1"," [454]"
"1"," ""TXNDC9""       "
"1"," ""CABLES1""      "
"1"," ""MMAB""         "
"1","
"
"1"," [457]"
"1"," ""MALT1""        "
"1"," ""INTS12""       "
"1"," ""CRIPT""        "
"1","
"
"1"," [460]"
"1"," ""INTS3""        "
"1"," ""CLTRN""        "
"1"," ""ZFP36L1""      "
"1","
"
"1"," [463]"
"1"," ""COQ5""         "
"1"," ""TMED1""        "
"1"," ""PRDX1""        "
"1","
"
"1"," [466]"
"1"," ""SLC24A1""      "
"1"," ""ATG5""         "
"1"," ""ZBTB34""       "
"1","
"
"1"," [469]"
"1"," ""PROCR""        "
"1"," ""RNF44""        "
"1"," ""RPL15""        "
"1","
"
"1"," [472]"
"1"," ""ZNF503""       "
"1"," ""VPS41""        "
"1"," ""ANKS3""        "
"1","
"
"1"," [475]"
"1"," ""NMRK1""        "
"1"," ""S100A3""       "
"1"," ""OSER1""        "
"1","
"
"1"," [478]"
"1"," ""PPA1""         "
"1"," ""APOC4""        "
"1"," ""NMI""          "
"1","
"
"1"," [481]"
"1"," ""TGFBR1""       "
"1"," ""AGO2""         "
"1"," ""C1QBP""        "
"1","
"
"1"," [484]"
"1"," ""GTPBP6""       "
"1"," ""CEP70""        "
"1"," ""LRRC75B""      "
"1","
"
"1"," [487]"
"1"," ""PSMD5""        "
"1"," ""OSBP""         "
"1"," ""OXT""          "
"1","
"
"1"," [490]"
"1"," ""SKP2""         "
"1"," ""PDXDC1""       "
"1"," ""MRPS35""       "
"1","
"
"1"," [493]"
"1"," ""RPL31""        "
"1"," ""PPID""         "
"1"," ""AOC3""         "
"1","
"
"1"," [496]"
"1"," ""TAS2R31""      "
"1"," ""CNKSR1""       "
"1"," ""DPY30""        "
"1","
"
"1"," [499]"
"1"," ""EIF2AK2""      "
"1"," ""CSF1""         "
"1"," ""TMEM150A""     "
"1","
"
"1"," [502]"
"1"," ""PLA2G15""      "
"1"," ""ORM2""         "
"1"," ""SP100""        "
"1","
"
"1"," [505]"
"1"," ""CCNT1""        "
"1"," ""CEP15""        "
"1"," ""SRGAP2""       "
"1","
"
"1"," [508]"
"1"," ""HS2ST1""       "
"1"," ""IFI30""        "
"1"," ""GOLGA1""       "
"1","
"
"1"," [511]"
"1"," ""IFIT5""        "
"1"," ""TDRD7""        "
"1"," ""ABLIM2""       "
"1","
"
"1"," [514]"
"1"," ""ZNF654""       "
"1"," ""FBXL13""       "
"1"," ""MAML1""        "
"1","
"
"1"," [517]"
"1"," ""PDE11A""       "
"1"," ""STT3A""        "
"1"," ""SCARF2""       "
"1","
"
"1"," [520]"
"1"," ""EIF5B""        "
"1"," ""BRD1""         "
"1"," ""MED27""        "
"1","
"
"1"," [523]"
"1"," ""DNAJC2""       "
"1"," ""GPT2""         "
"1"," ""WASL""         "
"1","
"
"1"," [526]"
"1"," ""GRK4""         "
"1"," ""CRY1""         "
"1"," ""WLS""          "
"1","
"
"1"," [529]"
"1"," ""RFK""          "
"1"," ""TMSB10""       "
"1"," ""AK3""          "
"1","
"
"1"," [532]"
"1"," ""GMCL1""        "
"1"," ""VAMP4""        "
"1"," ""ZNF805""       "
"1","
"
"1"," [535]"
"1"," ""RPS5""         "
"1"," ""ZNF496""       "
"1"," ""CYP2E1""       "
"1","
"
"1"," [538]"
"1"," ""SLCO5A1""      "
"1"," ""PDE1B""        "
"1"," ""NAMPT""        "
"1","
"
"1"," [541]"
"1"," ""SLC25A46""     "
"1"," ""ARL17B""       "
"1"," ""TMC7""         "
"1","
"
"1"," [544]"
"1"," ""GTF2IRD2B""    "
"1"," ""PIDD1""        "
"1"," ""NACA""         "
"1","
"
"1"," [547]"
"1"," ""NOSTRIN""      "
"1"," ""NCEH1""        "
"1"," ""RAD54L2""      "
"1","
"
"1"," [550]"
"1"," ""NDUFB8""       "
"1"," ""ZNF568""       "
"1"," ""FUT1""         "
"1","
"
"1"," [553]"
"1"," ""NRP1""         "
"1"," ""EXOSC9""       "
"1"," ""KDM4C""        "
"1","
"
"1"," [556]"
"1"," ""CAMK1""        "
"1"," ""NSUN4""        "
"1"," ""DDX47""        "
"1","
"
"1"," [559]"
"1"," ""DNAJA1""       "
"1"," ""RPS11""        "
"1"," ""PABIR1""       "
"1","
"
"1"," [562]"
"1"," ""EPOP""         "
"1"," ""QPCTL""        "
"1"," ""FIGNL2""       "
"1","
"
"1"," [565]"
"1"," ""SLC25A22""     "
"1"," ""RALBP1""       "
"1"," ""PDP2""         "
"1","
"
"1"," [568]"
"1"," ""SLC1A1""       "
"1"," ""FLOT1""        "
"1"," ""NUP188""       "
"1","
"
"1"," [571]"
"1"," ""ZNF747""       "
"1"," ""GPR137C""      "
"1"," ""PNPLA5""       "
"1","
"
"1"," [574]"
"1"," ""DHX29""        "
"1"," ""PAPLN""        "
"1"," ""YES1""         "
"1","
"
"1"," [577]"
"1"," ""AKR1B1""       "
"1"," ""TRDMT1""       "
"1"," ""ZNF200""       "
"1","
"
"1"," [580]"
"1"," ""ANKMY1""       "
"1"," ""COMMD9""       "
"1"," ""TAF11L6""      "
"1","
"
"1"," [583]"
"1"," ""PMPCA""        "
"1"," ""TMEM176A""     "
"1"," ""PRMT5""        "
"1","
"
"1"," [586]"
"1"," ""FASN""         "
"1"," ""MLLT6""        "
"1"," ""RMND5B""       "
"1","
"
"1"," [589]"
"1"," ""PCBP2""        "
"1"," ""UBE2E1""       "
"1"," ""SLC25A32""     "
"1","
"
"1"," [592]"
"1"," ""CDRT15""       "
"1"," ""PCNX2""        "
"1"," ""GAB1""         "
"1","
"
"1"," [595]"
"1"," ""RAD51C""       "
"1"," ""HNRNPH3""      "
"1"," ""TBC1D31""      "
"1","
"
"1"," [598]"
"1"," ""FANCM""        "
"1"," ""TCEAL1""       "
"1"," ""ALG3""         "
"1","
"
"1"," [601]"
"1"," ""ITPA""         "
"1"," ""IMP4""         "
"1"," ""ADIRF""        "
"1","
"
"1"," [604]"
"1"," ""ECD""          "
"1"," ""DMAC2""        "
"1"," ""GRHL1""        "
"1","
"
"1"," [607]"
"1"," ""ZMYM1""        "
"1"," ""PSEN2""        "
"1"," ""ZKSCAN8""      "
"1","
"
"1"," [610]"
"1"," ""CDHR2""        "
"1"," ""BOLA1""        "
"1"," ""CITED2""       "
"1","
"
"1"," [613]"
"1"," ""MAPK1IP1L""    "
"1"," ""LRRC8A""       "
"1"," ""GMPR""         "
"1","
"
"1"," [616]"
"1"," ""NDUFAF8""      "
"1"," ""GART""         "
"1"," ""LMO7DN""       "
"1","
"
"1"," [619]"
"1"," ""COPS3""        "
"1"," ""ATP8B2""       "
"1"," ""NNMT""         "
"1","
"
"1"," [622]"
"1"," ""SPTLC2""       "
"1"," ""SETD9""        "
"1"," ""SASS6""        "
"1","
"
"1"," [625]"
"1"," ""DIAPH2""       "
"1"," ""RAB12""        "
"1"," ""CCNA2""        "
"1","
"
"1"," [628]"
"1"," ""TNIK""         "
"1"," ""ANAPC11""      "
"1"," ""TIAM1""        "
"1","
"
"1"," [631]"
"1"," ""SCYL3""        "
"1"," ""RPL32""        "
"1"," ""PICK1""        "
"1","
"
"1"," [634]"
"1"," ""HAUS1""        "
"1"," ""SNRNP48""      "
"1"," ""PLCH1""        "
"1","
"
"1"," [637]"
"1"," ""EIF3L""        "
"1"," ""SPOP""         "
"1"," ""NPFFR1""       "
"1","
"
"1"," [640]"
"1"," ""CLK3""         "
"1"," ""EFR3A""        "
"1"," ""CCDC158""      "
"1","
"
"1"," [643]"
"1"," ""SPEF2""        "
"1"," ""MATN2""        "
"1"," ""TMEM234""      "
"1","
"
"1"," [646]"
"1"," ""OR4F21""       "
"1"," ""CINP""         "
"1"," ""CSRP1""        "
"1","
"
"1"," [649]"
"1"," ""VILL""         "
"1"," ""DMRTA1""       "
"1"," ""ARHGAP4""      "
"1","
"
"1"," [652]"
"1"," ""HEY1""         "
"1"," ""SLC43A1""      "
"1"," ""TFDP2""        "
"1","
"
"1"," [655]"
"1"," ""H2BC26""       "
"1"," ""SHISA9""       "
"1"," ""TMED6""        "
"1","
"
"1"," [658]"
"1"," ""VIM""          "
"1"," ""SAMTOR""       "
"1"," ""MED24""        "
"1","
"
"1"," [661]"
"1"," ""NPTXR""        "
"1"," ""DNAJA4""       "
"1"," ""SRSF5""        "
"1","
"
"1"," [664]"
"1"," ""RBMX""         "
"1"," ""KITLG""        "
"1"," ""IPO13""        "
"1","
"
"1"," [667]"
"1"," ""EVC""          "
"1"," ""MED10""        "
"1"," ""DYNC2H1""      "
"1","
"
"1"," [670]"
"1"," ""SELL""         "
"1"," ""TMTC4""        "
"1"," ""H2AC17""       "
"1","
"
"1"," [673]"
"1"," ""CTHRC1""       "
"1"," ""MARVELD3""     "
"1"," ""SKP1""         "
"1","
"
"1"," [676]"
"1"," ""RELCH""        "
"1"," ""LANCL2""       "
"1"," ""MSRA""         "
"1","
"
"1"," [679]"
"1"," ""NABP1""        "
"1"," ""POLI""         "
"1"," ""GIT2""         "
"1","
"
"1"," [682]"
"1"," ""PLEKHM2""      "
"1"," ""FRY""          "
"1"," ""H2AC18""       "
"1","
"
"1"," [685]"
"1"," ""NCOA3""        "
"1"," ""DLEC1""        "
"1"," ""CCDC86""       "
"1","
"
"1"," [688]"
"1"," ""MCUB""         "
"1"," ""GNMT""         "
"1"," ""CAVIN2""       "
"1","
"
"1"," [691]"
"1"," ""ANPEP""        "
"1"," ""MLYCD""        "
"1"," ""FBL""          "
"1","
"
"1"," [694]"
"1"," ""ZNF337""       "
"1"," ""FIP1L1""       "
"1"," ""MKNK2""        "
"1","
"
"1"," [697]"
"1"," ""NHSL2""        "
"1"," ""SLC7A2""       "
"1"," ""EAF1""         "
"1","
"
"1"," [700]"
"1"," ""OSBPL7""       "
"1"," ""MMP12""        "
"1"," ""LRRC20""       "
"1","
"
"1"," [703]"
"1"," ""FPR3""         "
"1"," ""ATL2""         "
"1"," ""C5""           "
"1","
"
"1"," [706]"
"1"," ""SEPTIN11""     "
"1"," ""MKNK1""        "
"1"," ""ATAD5""        "
"1","
"
"1"," [709]"
"1"," ""CYB5RL""       "
"1"," ""PLIN3""        "
"1"," ""SPR""          "
"1","
"
"1"," [712]"
"1"," ""ABI3""         "
"1"," ""SUPT6H""       "
"1"," ""CHN2""         "
"1","
"
"1"," [715]"
"1"," ""MTA3""         "
"1"," ""ERICH2""       "
"1"," ""TOX4""         "
"1","
"
"1"," [718]"
"1"," ""MSL3""         "
"1"," ""RGPD8""        "
"1"," ""RFFL""         "
"1","
"
"1"," [721]"
"1"," ""GOLGA7""       "
"1"," ""RPLP2""        "
"1"," ""PLK2""         "
"1","
"
"1"," [724]"
"1"," ""ADNP""         "
"1"," ""ZNF77""        "
"1"," ""USP30""        "
"1","
"
"1"," [727]"
"1"," ""DMXL1""        "
"1"," ""MARCHF5""      "
"1"," ""PIWIL2""       "
"1","
"
"1"," [730]"
"1"," ""DCTN1""        "
"1"," ""CCDC167""      "
"1"," ""GAL3ST4""      "
"1","
"
"1"," [733]"
"1"," ""HDHD2""        "
"1"," ""PSMD1""        "
"1"," ""CYC1""         "
"1","
"
"1"," [736]"
"1"," ""TIA1""         "
"1"," ""MAPK9""        "
"1"," ""NALF2""        "
"1","
"
"1"," [739]"
"1"," ""HP""           "
"1"," ""SPRING1""      "
"1"," ""TSNAX""        "
"1","
"
"1"," [742]"
"1"," ""MOCS1""        "
"1"," ""SMARCA2""      "
"1"," ""CFAP20DC""     "
"1","
"
"1"," [745]"
"1"," ""PRRG1""        "
"1"," ""THRA""         "
"1"," ""AK9""          "
"1","
"
"1"," [748]"
"1"," ""XKR6""         "
"1"," ""CDK12""        "
"1"," ""ZDHHC18""      "
"1","
"
"1"," [751]"
"1"," ""NDRG3""        "
"1"," ""CLIP4""        "
"1"," ""ING4""         "
"1","
"
"1"," [754]"
"1"," ""FAM168B""      "
"1"," ""AP1S3""        "
"1"," ""GP5""          "
"1","
"
"1"," [757]"
"1"," ""TEX2""         "
"1"," ""DDR2""         "
"1"," ""DORIP1""       "
"1","
"
"1"," [760]"
"1"," ""GLRX3""        "
"1"," ""NBEAL2""       "
"1"," ""POLR1F""       "
"1","
"
"1"," [763]"
"1"," ""IVNS1ABP""     "
"1"," ""SMYD4""        "
"1"," ""RAB3GAP2""     "
"1","
"
"1"," [766]"
"1"," ""RAB3IP""       "
"1"," ""FSAF1""        "
"1"," ""TSC1""         "
"1","
"
"1"," [769]"
"1"," ""SUGP2""        "
"1"," ""FPGT""         "
"1"," ""LRIG3""        "
"1","
"
"1"," [772]"
"1"," ""ANKRD54""      "
"1"," ""CMBL""         "
"1"," ""RAD51AP2""     "
"1","
"
"1"," [775]"
"1"," ""ZC2HC1C""      "
"1"," ""GBA2""         "
"1"," ""TERF2IP""      "
"1","
"
"1"," [778]"
"1"," ""CORO1B""       "
"1"," ""SNX5""         "
"1"," ""ZNF729""       "
"1","
"
"1"," [781]"
"1"," ""GCLC""         "
"1"," ""CIART""        "
"1"," ""LDLRAP1""      "
"1","
"
"1"," [784]"
"1"," ""SHBG""         "
"1"," ""ZFTRAF1""      "
"1"," ""TAF10""        "
"1","
"
"1"," [787]"
"1"," ""NOC2L""        "
"1"," ""MMGT1""        "
"1"," ""NFIA""         "
"1","
"
"1"," [790]"
"1"," ""AKT1S1""       "
"1"," ""AP1S1""        "
"1"," ""MPRIP""        "
"1","
"
"1"," [793]"
"1"," ""RAB2A""        "
"1"," ""TAF15""        "
"1"," ""PGM2""         "
"1","
"
"1"," [796]"
"1"," ""ZPR1""         "
"1"," ""TTC36""        "
"1"," ""SLC26A1""      "
"1","
"
"1"," [799]"
"1"," ""CPM""          "
"1"," ""TCF12""        "
"1"," ""CEP68""        "
"1","
"
"1"," [802]"
"1"," ""YAE1""         "
"1"," ""ARMCX6""       "
"1"," ""GSK3B""        "
"1","
"
"1"," [805]"
"1"," ""TUBB6""        "
"1"," ""MAK16""        "
"1"," ""SFT2D1""       "
"1","
"
"1"," [808]"
"1"," ""BSPRY""        "
"1"," ""HSPB1""        "
"1"," ""PRPF3""        "
"1","
"
"1"," [811]"
"1"," ""UBE2C""        "
"1"," ""SERPINA1""     "
"1"," ""CD274""        "
"1","
"
"1"," [814]"
"1"," ""RNF123""       "
"1"," ""DVL3""         "
"1"," ""ABT1""         "
"1","
"
"1"," [817]"
"1"," ""ZNF581""       "
"1"," ""DEPDC1B""      "
"1"," ""NBR1""         "
"1","
"
"1"," [820]"
"1"," ""UGDH""         "
"1"," ""ATP5IF1""      "
"1"," ""HSBP1L1""      "
"1","
"
"1"," [823]"
"1"," ""ULBP3""        "
"1"," ""USF3""         "
"1"," ""CIP2A""        "
"1","
"
"1"," [826]"
"1"," ""ST6GALNAC6""   "
"1"," ""FFAR4""        "
"1"," ""RNPC3""        "
"1","
"
"1"," [829]"
"1"," ""NR2C2""        "
"1"," ""TIMM9""        "
"1"," ""PHLDA2""       "
"1","
"
"1"," [832]"
"1"," ""NPBWR1""       "
"1"," ""AIP""          "
"1"," ""AMY2A""        "
"1","
"
"1"," [835]"
"1"," ""TMEM220""      "
"1"," ""RACGAP1""      "
"1"," ""ACTR1A""       "
"1","
"
"1"," [838]"
"1"," ""ZNF546""       "
"1"," ""FEZ2""         "
"1"," ""DNAJB6""       "
"1","
"
"1"," [841]"
"1"," ""ZNF396""       "
"1"," ""TLE6""         "
"1"," ""TIMP4""        "
"1","
"
"1"," [844]"
"1"," ""LARS1""        "
"1"," ""SAMHD1""       "
"1"," ""WAC""          "
"1","
"
"1"," [847]"
"1"," ""PPP1CB""       "
"1"," ""HOMER3""       "
"1"," ""F3""           "
"1","
"
"1"," [850]"
"1"," ""RBBP8""        "
"1"," ""FAM204A""      "
"1"," ""ZNF212""       "
"1","
"
"1"," [853]"
"1"," ""FAM114A2""     "
"1"," ""RHNO1""        "
"1"," ""GUF1""         "
"1","
"
"1"," [856]"
"1"," ""RAB35""        "
"1"," ""PLEKHJ1""      "
"1"," ""RSL24D1""      "
"1","
"
"1"," [859]"
"1"," ""ATP7A""        "
"1"," ""RALA""         "
"1"," ""AACS""         "
"1","
"
"1"," [862]"
"1"," ""BTC""          "
"1"," ""PSMB7""        "
"1"," ""BAG1""         "
"1","
"
"1"," [865]"
"1"," ""ZMYM4""        "
"1"," ""SPCS3""        "
"1"," ""ADGRG6""       "
"1","
"
"1"," [868]"
"1"," ""PWP1""         "
"1"," ""LOC107987545"" "
"1"," ""CRBN""         "
"1","
"
"1"," [871]"
"1"," ""XKR8""         "
"1"," ""NMRAL1""       "
"1"," ""ZNF280D""      "
"1","
"
"1"," [874]"
"1"," ""CENPBD1P""     "
"1"," ""CADM1""        "
"1"," ""SBNO1""        "
"1","
"
"1"," [877]"
"1"," ""DNAJC13""      "
"1"," ""AP1M1""        "
"1"," ""ZNF467""       "
"1","
"
"1"," [880]"
"1"," ""TNFAIP3""      "
"1"," ""YWHAH""        "
"1"," ""NSRP1""        "
"1","
"
"1"," [883]"
"1"," ""H2AC13""       "
"1"," ""COMMD10""      "
"1"," ""UGT1A6""       "
"1","
"
"1"," [886]"
"1"," ""FIGNL1""       "
"1"," ""TERF2""        "
"1"," ""RPL13""        "
"1","
"
"1"," [889]"
"1"," ""GPRIN3""       "
"1"," ""C8B""          "
"1"," ""B3GALT9""      "
"1","
"
"1"," [892]"
"1"," ""GHDC""         "
"1"," ""HLTF""         "
"1"," ""TMEM82""       "
"1","
"
"1"," [895]"
"1"," ""GNG12""        "
"1"," ""TMEM86A""      "
"1"," ""NUTM2A""       "
"1","
"
"1"," [898]"
"1"," ""FBXO30""       "
"1"," ""SPECC1""       "
"1"," ""SLC35A4""      "
"1","
"
"1"," [901]"
"1"," ""PTX3""         "
"1"," ""TSC22D1""      "
"1"," ""GYPC""         "
"1","
"
"1"," [904]"
"1"," ""NPLOC4""       "
"1"," ""NDUFA12""      "
"1"," ""OSGEP""        "
"1","
"
"1"," [907]"
"1"," ""SEPHS2""       "
"1"," ""NDUFS3""       "
"1"," ""PHYKPL""       "
"1","
"
"1"," [910]"
"1"," ""LRRC3C""       "
"1"," ""ZNF737""       "
"1"," ""GABPA""        "
"1","
"
"1"," [913]"
"1"," ""CAP2""         "
"1"," ""LMAN2""        "
"1"," ""PLVAP""        "
"1","
"
"1"," [916]"
"1"," ""TWSG1""        "
"1"," ""SPRYD4""       "
"1"," ""CCDC102B""     "
"1","
"
"1"," [919]"
"1"," ""SIMC1""        "
"1"," ""GINS4""        "
"1"," ""TMEM158""      "
"1","
"
"1"," [922]"
"1"," ""AKR1C2""       "
"1"," ""RUFY3""        "
"1"," ""XRCC5""        "
"1","
"
"1"," [925]"
"1"," ""ZNF24""        "
"1"," ""JMJD1C""       "
"1"," ""SEC24A""       "
"1","
"
"1"," [928]"
"1"," ""ROCK2""        "
"1"," ""CNOT1""        "
"1"," ""TMSB4Y""       "
"1","
"
"1"," [931]"
"1"," ""DRC1""         "
"1"," ""PDPK1""        "
"1"," ""AHSA1""        "
"1","
"
"1"," [934]"
"1"," ""ABCG2""        "
"1"," ""ADM2""         "
"1"," ""WDR82""        "
"1","
"
"1"," [937]"
"1"," ""CCL15""        "
"1"," ""C19orf33""     "
"1"," ""P4HA1""        "
"1","
"
"1"," [940]"
"1"," ""NFKBID""       "
"1"," ""TLE2""         "
"1"," ""ADGRL2""       "
"1","
"
"1"," [943]"
"1"," ""LGI4""         "
"1"," ""TMEM63B""      "
"1"," ""SMIM32""       "
"1","
"
"1"," [946]"
"1"," ""PTPRD""        "
"1"," ""AIDA""         "
"1"," ""OXNAD1""       "
"1","
"
"1"," [949]"
"1"," ""C8orf76""      "
"1"," ""C4BPB""        "
"1"," ""SAR1B""        "
"1","
"
"1"," [952]"
"1"," ""MED4""         "
"1"," ""DDX39A""       "
"1"," ""PCDHAC1""      "
"1","
"
"1"," [955]"
"1"," ""GPC1""         "
"1"," ""ARPP21""       "
"1"," ""OGFR""         "
"1","
"
"1"," [958]"
"1"," ""ZNF330""       "
"1"," ""USP17L5""      "
"1"," ""CSGALNACT2""   "
"1","
"
"1"," [961]"
"1"," ""SUCO""         "
"1"," ""ZW10""         "
"1"," ""BLTP1""        "
"1","
"
"1"," [964]"
"1"," ""ZNF174""       "
"1"," ""MTCH2""        "
"1"," ""QSOX2""        "
"1","
"
"1"," [967]"
"1"," ""MPP1""         "
"1"," ""ITSN2""        "
"1"," ""DIXDC1""       "
"1","
"
"1"," [970]"
"1"," ""PUM1""         "
"1"," ""PDK2""         "
"1"," ""FOSL1""        "
"1","
"
"1"," [973]"
"1"," ""NBN""          "
"1"," ""SMC1A""        "
"1"," ""TCP1""         "
"1","
"
"1"," [976]"
"1"," ""ZBTB4""        "
"1"," ""FKBP7""        "
"1"," ""PDK1""         "
"1","
"
"1"," [979]"
"1"," ""AGFG1""        "
"1"," ""ZC3H8""        "
"1"," ""BMP4""         "
"1","
"
"1"," [982]"
"1"," ""TP53RK""       "
"1"," ""COQ10A""       "
"1"," ""FRK""          "
"1","
"
"1"," [985]"
"1"," ""TMEM116""      "
"1"," ""ALG9""         "
"1"," ""ANGPTL6""      "
"1","
"
"1"," [988]"
"1"," ""ZSCAN32""      "
"1"," ""PPP2R5B""      "
"1"," ""BPNT2""        "
"1","
"
"1"," [991]"
"1"," ""ING1""         "
"1"," ""BLTP3B""       "
"1"," ""AMOTL2""       "
"1","
"
"1"," [994]"
"1"," ""CSE1L""        "
"1"," ""TTLL11""       "
"1"," ""SSB""          "
"1","
"
"1"," [997]"
"1"," ""OBI1""         "
"1"," ""ZNF721""       "
"1"," ""SLC2A13""      "
"1","
"
"1","[1000]"
"1"," ""HIBADH""       "
"1","
"
"1"," [ reached 'max' / getOption(""max.print"") -- omitted 872 entries ]
"
