"0","#the column headers"
"0","print(colnames(probeManifest))"
"1"," [1]"
"1"," ""probe_name_old""  "
"1"," ""probe_ID""        "
"1"," ""probe_sequence""  "
"1"," ""probe_coord""     "
"1"," ""gene_symbol""     "
"1"," ""entrez_id""       "
"1"," ""ensembl_id""      "
"1","
"
"1"," [8]"
"1"," ""hgnc_id""         "
"1"," ""gene_symbol_old"" "
"1"," ""entrez_id_old""   "
"1"," ""percentage_match"""
"1","
"
"0","#  compact summary of the data structure, including:"
"0","str(probeManifest) "
"1","tibble [22,533 Ã— 11]"
"1",""
"1"," (S3: "
"1",""
"1","tbl_df/tbl/data.frame"
"1",""
"1",")"
"1",""
"1","
"
"1"," "
"1",""
"1","$ "
"1",""
"1","probe_name_old  "
"1",""
"1",":"
"1"," chr [1:22533] "
"1",""
"1","""A1BG_25586"" ""A1CF_87905"" ""A2ML1_18347"" ""A2M_1"""
"1",""
"1"," ..."
"1",""
"1","
"
"1"," "
"1",""
"1","$ "
"1",""
"1","probe_ID        "
"1",""
"1",":"
"1"," num [1:22533] "
"1",""
"1","25586 87905 18347 1 12371"
"1",""
"1"," ..."
"1",""
"1","
"
"1"," "
"1",""
"1","$ "
"1",""
"1","probe_sequence  "
"1",""
"1",":"
"1"," chr [1:22533] "
"1",""
"1","""TCAGGCACCTCCAGAAACTCATGGTCGCCCTCCCGCCTCAGCAGAAAAGT"" ""GATGACTCTCATACTCCACGAAGGCAAAGCCTCGGTTTTTGGTTTTATCT"" ""ATGACCCTGCCCATGCAACGCCTCCTCTGAGTGATTGTTCCTATCCCATC"" ""GAACAGGACTCCAGCAAAGCACTTTTCAGCCTTGTGGTCTTCAAGCATTT"""
"1",""
"1"," ..."
"1",""
"1","
"
"1"," "
"1",""
"1","$ "
"1",""
"1","probe_coord     "
"1",""
"1",":"
"1"," chr [1:22533] "
"1",""
"1","""19:58352407-58352456:-"" ""10:50836109-50836158:-"" ""12:8876237-8876286:+"" ""12:9067782-9067831:-"""
"1",""
"1"," ..."
"1",""
"1","
"
"1"," "
"1",""
"1","$ "
"1",""
"1","gene_symbol     "
"1",""
"1",":"
"1"," chr [1:22533] "
"1",""
"1","""A1BG"" ""A1CF"" ""A2ML1"" ""A2M"""
"1",""
"1"," ..."
"1",""
"1","
"
"1"," "
"1",""
"1","$ "
"1",""
"1","entrez_id       "
"1",""
"1",":"
"1"," num [1:22533] "
"1",""
"1","1 29974 144568 2 2"
"1",""
"1"," ..."
"1",""
"1","
"
"1"," "
"1",""
"1","$ "
"1",""
"1","ensembl_id      "
"1",""
"1",":"
"1"," chr [1:22533] "
"1",""
"1","""ENSG00000121410"" ""ENSG00000148584"" ""ENSG00000166535"" ""ENSG00000175899"""
"1",""
"1"," ..."
"1",""
"1","
"
"1"," "
"1",""
"1","$ "
"1",""
"1","hgnc_id         "
"1",""
"1",":"
"1"," num [1:22533] "
"1",""
"1","5 24086 23336 7 7"
"1",""
"1"," ..."
"1",""
"1","
"
"1"," "
"1",""
"1","$ "
"1",""
"1","gene_symbol_old "
"1",""
"1",":"
"1"," chr [1:22533] "
"1",""
"1","""A1BG"" ""A1CF"" ""A2ML1"" ""A2M"""
"1",""
"1"," ..."
"1",""
"1","
"
"1"," "
"1",""
"1","$ "
"1",""
"1","entrez_id_old   "
"1",""
"1",":"
"1"," num [1:22533] "
"1",""
"1","1 29974 144568 2 2"
"1",""
"1"," ..."
"1",""
"1","
"
"1"," "
"1",""
"1","$ "
"1",""
"1","percentage_match"
"1",""
"1",":"
"1"," num [1:22533] "
"1",""
"1","100 100 100 100 100 100 100 100 100 100"
"1",""
"1"," ..."
"1",""
"1","
"
