"0","ora_high <- enrichr(deg_high2,"
"0","                       c(""GO_Biological_Process_2025"","
"0","                         ""GO_Molecular_Function_2025"","
"0","                         ""Reactome_Pathways_2024"","
"0","                         ""KEGG_2021_Human""))"
"1","Uploading data to Enrichr... "
"1","Done.
"
"1","  Querying "
"1",""
"1","GO_Biological_Process_2025"
"1",""
"1","... "
"1","Done.
"
"1","  Querying "
"1",""
"1","GO_Molecular_Function_2025"
"1",""
"1","... "
"1","Done.
"
"1","  Querying "
"1",""
"1","Reactome_Pathways_2024"
"1",""
"1","... "
"1","Done.
"
"1","  Querying "
"1",""
"1","KEGG_2021_Human"
"1",""
"1","... "
"1","Done.
"
"1","Parsing results... "
"1","Done.
"
